{"user_id": 1, "birthday": "2001-11-04", "sign_in_date": "2023-04-07", "sex": "Male", "country": "Thailand"}
{"user_id": 2, "birthday": "2001-08-10", "sign_in_date": "2021-09-27", "sex": "Male", "country": "Thailand"}
{"user_id": 3, "birthday": "2003-07-18", "sign_in_date": "2022-08-07", "sex": "Male", "country": "Lao"}
{"user_id": 4, "birthday": "1997-05-17", "sign_in_date": "2023-06-12", "sex": "Male", "country": "Thailand"}
{"user_id": 5, "birthday": "1997-07-24", "sign_in_date": "2023-04-04", "sex": "Female", "country": "Lao"}
{"user_id": 6, "birthday": "2004-03-28", "sign_in_date": "2022-12-10", "sex": "Male", "country": "Vietnam"}
{"user_id": 7, "birthday": "2004-09-12", "sign_in_date": "2022-11-06", "sex": "Male", "country": "Vietnam"}
{"user_id": 8, "birthday": "1994-03-18", "sign_in_date": "2022-03-31", "sex": "Male", "country": "Singapore"}
{"user_id": 9, "birthday": "2001-10-12", "sign_in_date": "2021-11-17", "sex": "Male", "country": "Lao"}
{"user_id": 10, "birthday": "2000-11-01", "sign_in_date": "2023-04-22", "sex": "Male", "country": "Lao"}
{"user_id": 11, "birthday": "2004-07-31", "sign_in_date": "2022-02-24", "sex": "Male", "country": "Singapore"}
{"user_id": 12, "birthday": "1997-01-23", "sign_in_date": "2022-06-12", "sex": "Male", "country": "Singapore"}
{"user_id": 13, "birthday": "2000-08-19", "sign_in_date": "2022-07-05", "sex": "Female", "country": "Vietnam"}
{"user_id": 14, "birthday": "1997-01-06", "sign_in_date": "2023-06-05", "sex": "Male", "country": "Thailand"}
{"user_id": 15, "birthday": "1998-09-03", "sign_in_date": "2022-01-03", "sex": "Male", "country": "Thailand"}
{"user_id": 16, "birthday": "2003-01-27", "sign_in_date": "2023-06-21", "sex": "Male", "country": "Lao"}
{"user_id": 17, "birthday": "1999-06-13", "sign_in_date": "2022-06-21", "sex": "Male", "country": "Singapore"}
{"user_id": 18, "birthday": "1995-12-02", "sign_in_date": "2022-11-19", "sex": "Male", "country": "Thailand"}
{"user_id": 19, "birthday": "2004-01-01", "sign_in_date": "2023-03-21", "sex": "Male", "country": "Singapore"}
{"user_id": 20, "birthday": "2000-07-09", "sign_in_date": "2023-06-04", "sex": "Male", "country": "Thailand"}
{"user_id": 21, "birthday": "1996-06-14", "sign_in_date": "2022-05-04", "sex": "Male", "country": "Vietnam"}
{"user_id": 22, "birthday": "1994-08-01", "sign_in_date": "2022-01-12", "sex": "Female", "country": "Vietnam"}
{"user_id": 23, "birthday": "2000-05-06", "sign_in_date": "2022-08-01", "sex": "Male", "country": "Lao"}
{"user_id": 24, "birthday": "1997-10-08", "sign_in_date": "2023-04-05", "sex": "Male", "country": "Vietnam"}
{"user_id": 25, "birthday": "2000-08-10", "sign_in_date": "2022-05-10", "sex": "Male", "country": "Vietnam"}
{"user_id": 26, "birthday": "1993-11-22", "sign_in_date": "2023-04-13", "sex": "Male", "country": "Thailand"}
{"user_id": 27, "birthday": "2000-01-01", "sign_in_date": "2022-08-24", "sex": "Male", "country": "Vietnam"}
{"user_id": 28, "birthday": "2002-01-28", "sign_in_date": "2022-10-05", "sex": "Female", "country": "Lao"}
{"user_id": 29, "birthday": "2000-01-17", "sign_in_date": "2022-04-21", "sex": "Female", "country": "Singapore"}
{"user_id": 30, "birthday": "1995-05-04", "sign_in_date": "2023-03-14", "sex": "Male", "country": "Singapore"}
{"user_id": 31, "birthday": "1998-02-02", "sign_in_date": "2022-12-03", "sex": "Male", "country": "Singapore"}
{"user_id": 32, "birthday": "1997-12-29", "sign_in_date": "2023-06-21", "sex": "Male", "country": "Thailand"}
{"user_id": 33, "birthday": "1994-10-09", "sign_in_date": "2023-07-08", "sex": "Male", "country": "Thailand"}
{"user_id": 34, "birthday": "1993-11-12", "sign_in_date": "2022-08-27", "sex": "Male", "country": "Singapore"}
{"user_id": 35, "birthday": "2004-03-17", "sign_in_date": "2023-06-26", "sex": "Female", "country": "Thailand"}
{"user_id": 36, "birthday": "2001-10-15", "sign_in_date": "2021-12-27", "sex": "Male", "country": "Vietnam"}
{"user_id": 37, "birthday": "2002-06-14", "sign_in_date": "2022-08-25", "sex": "Male", "country": "Singapore"}
{"user_id": 38, "birthday": "1997-02-03", "sign_in_date": "2021-12-14", "sex": "Male", "country": "Thailand"}
{"user_id": 39, "birthday": "1994-08-23", "sign_in_date": "2022-03-22", "sex": "Female", "country": "Singapore"}
{"user_id": 40, "birthday": "1992-09-11", "sign_in_date": "2022-07-25", "sex": "Male", "country": "Vietnam"}
{"user_id": 41, "birthday": "2002-03-14", "sign_in_date": "2022-07-19", "sex": "Female", "country": "Thailand"}
{"user_id": 42, "birthday": "2005-03-28", "sign_in_date": "2023-08-01", "sex": "Male", "country": "Vietnam"}
{"user_id": 43, "birthday": "1996-04-16", "sign_in_date": "2023-02-11", "sex": "Female", "country": "Lao"}
{"user_id": 44, "birthday": "2000-08-17", "sign_in_date": "2022-04-18", "sex": "Female", "country": "Vietnam"}
{"user_id": 45, "birthday": "1994-01-22", "sign_in_date": "2021-10-11", "sex": "Male", "country": "Singapore"}
{"user_id": 46, "birthday": "2001-06-28", "sign_in_date": "2022-02-04", "sex": "Male", "country": "Vietnam"}
{"user_id": 47, "birthday": "2004-05-02", "sign_in_date": "2023-06-21", "sex": "Male", "country": "Thailand"}
{"user_id": 48, "birthday": "1992-10-14", "sign_in_date": "2023-04-18", "sex": "Male", "country": "Lao"}
{"user_id": 49, "birthday": "2004-09-17", "sign_in_date": "2022-09-04", "sex": "Male", "country": "Vietnam"}
{"user_id": 50, "birthday": "1995-02-22", "sign_in_date": "2021-09-09", "sex": "Male", "country": "Lao"}
{"user_id": 51, "birthday": "2000-09-26", "sign_in_date": "2022-03-01", "sex": "Female", "country": "Thailand"}
{"user_id": 52, "birthday": "1996-09-19", "sign_in_date": "2022-01-03", "sex": "Male", "country": "Thailand"}
{"user_id": 53, "birthday": "1998-09-06", "sign_in_date": "2023-03-28", "sex": "Female", "country": "Vietnam"}
{"user_id": 54, "birthday": "1994-02-04", "sign_in_date": "2023-01-31", "sex": "Male", "country": "Singapore"}
{"user_id": 55, "birthday": "2004-06-03", "sign_in_date": "2023-04-21", "sex": "Male", "country": "Lao"}
{"user_id": 56, "birthday": "1993-10-20", "sign_in_date": "2022-05-02", "sex": "Male", "country": "Vietnam"}
{"user_id": 57, "birthday": "1993-09-19", "sign_in_date": "2021-09-15", "sex": "Male", "country": "Thailand"}
{"user_id": 58, "birthday": "2005-05-31", "sign_in_date": "2022-03-22", "sex": "Male", "country": "Vietnam"}
{"user_id": 59, "birthday": "1992-08-17", "sign_in_date": "2022-06-06", "sex": "Female", "country": "Vietnam"}
{"user_id": 60, "birthday": "2000-05-26", "sign_in_date": "2022-06-03", "sex": "Male", "country": "Lao"}
{"user_id": 61, "birthday": "1999-10-20", "sign_in_date": "2022-04-14", "sex": "Male", "country": "Lao"}
{"user_id": 62, "birthday": "2004-07-29", "sign_in_date": "2023-07-25", "sex": "Male", "country": "Thailand"}
{"user_id": 63, "birthday": "1996-01-16", "sign_in_date": "2022-07-18", "sex": "Male", "country": "Thailand"}
{"user_id": 64, "birthday": "2004-08-13", "sign_in_date": "2021-09-01", "sex": "Female", "country": "Lao"}
{"user_id": 65, "birthday": "1999-05-16", "sign_in_date": "2022-07-02", "sex": "Male", "country": "Vietnam"}
{"user_id": 66, "birthday": "1997-09-22", "sign_in_date": "2022-01-07", "sex": "Male", "country": "Thailand"}
{"user_id": 67, "birthday": "2004-07-12", "sign_in_date": "2021-11-01", "sex": "Male", "country": "Lao"}
{"user_id": 68, "birthday": "2001-07-08", "sign_in_date": "2022-04-09", "sex": "Male", "country": "Lao"}
{"user_id": 69, "birthday": "2004-08-09", "sign_in_date": "2022-07-16", "sex": "Male", "country": "Thailand"}
{"user_id": 70, "birthday": "1999-10-14", "sign_in_date": "2023-07-06", "sex": "Male", "country": "Thailand"}
{"user_id": 71, "birthday": "1999-12-23", "sign_in_date": "2022-11-06", "sex": "Male", "country": "Thailand"}
{"user_id": 72, "birthday": "1995-10-24", "sign_in_date": "2023-05-02", "sex": "Male", "country": "Vietnam"}
{"user_id": 73, "birthday": "2003-09-23", "sign_in_date": "2022-04-20", "sex": "Male", "country": "Singapore"}
{"user_id": 74, "birthday": "1992-09-04", "sign_in_date": "2021-12-19", "sex": "Male", "country": "Thailand"}
{"user_id": 75, "birthday": "2001-06-13", "sign_in_date": "2021-10-27", "sex": "Male", "country": "Thailand"}
{"user_id": 76, "birthday": "1993-04-07", "sign_in_date": "2022-08-13", "sex": "Male", "country": "Lao"}
{"user_id": 77, "birthday": "1997-01-23", "sign_in_date": "2021-08-31", "sex": "Female", "country": "Vietnam"}
{"user_id": 78, "birthday": "2001-03-27", "sign_in_date": "2022-05-30", "sex": "Male", "country": "Singapore"}
{"user_id": 79, "birthday": "1998-01-13", "sign_in_date": "2022-12-18", "sex": "Male", "country": "Singapore"}
{"user_id": 80, "birthday": "2004-08-15", "sign_in_date": "2021-11-12", "sex": "Male", "country": "Singapore"}
{"user_id": 81, "birthday": "2005-01-07", "sign_in_date": "2022-09-05", "sex": "Male", "country": "Singapore"}
{"user_id": 82, "birthday": "1993-04-03", "sign_in_date": "2022-05-22", "sex": "Male", "country": "Thailand"}
{"user_id": 83, "birthday": "1995-04-14", "sign_in_date": "2022-01-11", "sex": "Male", "country": "Singapore"}
{"user_id": 84, "birthday": "1992-12-14", "sign_in_date": "2022-04-06", "sex": "Male", "country": "Vietnam"}
{"user_id": 85, "birthday": "1993-07-17", "sign_in_date": "2022-11-12", "sex": "Male", "country": "Singapore"}
{"user_id": 86, "birthday": "2002-08-29", "sign_in_date": "2023-02-21", "sex": "Female", "country": "Lao"}
{"user_id": 87, "birthday": "2004-02-07", "sign_in_date": "2022-04-04", "sex": "Male", "country": "Vietnam"}
{"user_id": 88, "birthday": "1998-10-12", "sign_in_date": "2021-09-13", "sex": "Female", "country": "Singapore"}
{"user_id": 89, "birthday": "1997-03-01", "sign_in_date": "2022-09-30", "sex": "Male", "country": "Vietnam"}
{"user_id": 90, "birthday": "1994-09-20", "sign_in_date": "2022-09-01", "sex": "Male", "country": "Singapore"}
{"user_id": 91, "birthday": "1994-12-22", "sign_in_date": "2023-02-09", "sex": "Male", "country": "Vietnam"}
{"user_id": 92, "birthday": "1998-04-22", "sign_in_date": "2023-06-05", "sex": "Female", "country": "Vietnam"}
{"user_id": 93, "birthday": "2002-03-13", "sign_in_date": "2022-11-07", "sex": "Male", "country": "Thailand"}
{"user_id": 94, "birthday": "2003-02-18", "sign_in_date": "2021-09-25", "sex": "Male", "country": "Singapore"}
{"user_id": 95, "birthday": "1993-07-03", "sign_in_date": "2022-04-17", "sex": "Male", "country": "Vietnam"}
{"user_id": 96, "birthday": "2001-09-06", "sign_in_date": "2021-09-15", "sex": "Male", "country": "Vietnam"}
{"user_id": 97, "birthday": "2000-11-25", "sign_in_date": "2023-07-23", "sex": "Male", "country": "Thailand"}
{"user_id": 98, "birthday": "1995-05-13", "sign_in_date": "2022-03-25", "sex": "Female", "country": "Lao"}
{"user_id": 99, "birthday": "1992-12-13", "sign_in_date": "2022-12-05", "sex": "Male", "country": "Thailand"}
{"user_id": 100, "birthday": "2005-01-13", "sign_in_date": "2023-01-28", "sex": "Male", "country": "Singapore"}
